name,label,x,y,z,body_count,stars_count,planets_count,landables,has_gas_giant,has_ringed_body,n_terraformables,primary_star_type,primary_subclass,stellar_mass,surface_temp,luminosity,star_age_my,has_belt,n_stars_in_system,n_bio_signals,n_geo_signals
Blo Thae FB-N d7-6,click,5979.59375,525.75,2135.71875,7,1,,,False,False,0,A,9,1.765625,7671.0,Vab,1606,False,1,,
Blo Thae TA-C c14-1,click,5526.84375,514.71875,2129.5,25,2,23,8,True,True,1,K,7,0.570313,4090.0,Va,12760,True,2,,
Blo Thae YA-C c14-1,click,5704.59375,497.8125,2125.40625,10,1,9,8,False,False,0,M,2,0.46875,3332.0,Va,12965,False,1,,
Blu Theia DR-R c19-0,click,8648.65625,568.34375,2338.28125,8,1,,,False,False,0,G,6,0.847656,5499.0,Vab,12148,False,1,,
Blu Theia VT-R e4-0,click,8790.8125,538.65625,2366.25,13,4,5,0,True,False,0,B,0,5.605469,17995.0,Vz,4,False,4,,
Flyeia Dryoae JZ-E c28-8,click,2649.15625,-28.65625,145.65625,12,1,11,6,True,True,0,G,9,0.851563,5279.0,Va,13062,True,1,,
IC 2944 Sector UU-Q a12-2,click,5299.25,-44.84375,1946.71875,11,1,10,10,False,False,0,T,3,0.082031,1076.0,V,334,False,1,,
IC 2944 Sector WZ-W d2-4,click,5309.6875,171.59375,2079.53125,14,2,12,4,False,False,3,F,0,1.417969,7461.0,VI,1764,False,2,,
Ploea Eurl SD-U b44-4,click,2831.625,67.21875,-87.59375,9,1,8,0,False,False,0,M,5,0.289063,2766.0,Va,12838,False,1,,
Ploea Eurl VW-J c22-6,click,2701.59375,45.0625,-87.65625,10,2,8,7,False,True,0,K,9,0.539063,3773.0,Va,9250,False,2,,
Praea Eurl RY-H d10-0,click,8657.34375,556.5625,1135.3125,16,3,13,11,False,False,0,A,9,1.558594,7676.0,Vb,3294,False,3,,
Prua Dryou KO-X d2-25,click,3976.3125,-95.375,517.09375,18,1,17,11,True,False,1,F,9,1.203125,6091.0,Vab,2032,False,1,,
Swoiphs KL-Z b6-3,click,3057.4375,-57.6875,370.25,9,1,8,4,False,False,0,M,3,0.339844,3123.0,Va,4126,False,1,,
Tyriedgoea AG-N d7-3,click,6996.21875,557.84375,2214.09375,17,2,,,False,True,0,F,8,1.019531,6232.0,Vb,1514,True,2,,
Tyriedgoea HQ-O d6-0,click,7540.125,412.53125,2078.3125,6,1,5,3,True,True,0,F,7,1.230469,6348.0,Vab,1274,True,1,,
Tyriedgoea MB-V b16-0,click,6855.3125,60.875,1855.9375,28,1,27,17,True,True,0,M,7,0.246094,2420.0,Va,5442,True,1,,
Tyriedgoea RI-K c8-4,click,6728.8125,33.6875,1873.84375,11,1,10,10,False,False,0,K,8,0.542969,3990.0,Va,6492,False,1,,
Tyriedgoea YO-A b14-0,click,7377.96875,89.875,1810.25,9,1,8,0,False,False,0,M,4,0.347656,2917.0,Va,9568,False,1,,
Blo Thae BF-P b7-0,non_click,6171.40625,318.28125,1660.78125,2,2,,,False,False,0,M,4,0.390625,2989.0,Va,6130,False,2,0,0
Blo Thae BL-W b3-0,non_click,5997.46875,339.40625,1576.96875,9,1,8,2,False,False,0,M,6,0.261719,2533.0,Va,1944,False,1,1,0
Blo Thae DM-A c15-0,non_click,5815.125,539.40625,2137.71875,1,1,,,False,False,0,K,8,0.480469,3877.0,Va,12306,False,1,0,0
Blo Thae DN-U c3-1,non_click,6228.3125,330.3125,1673.0625,35,3,,,False,True,0,K,5,0.734375,4300.0,Va,5192,True,3,0,0
Blo Thae EM-A c15-0,non_click,5862.125,535.34375,2166.59375,12,1,11,11,False,False,0,M,1,0.523438,3522.0,Va,12928,False,1,4,0
Blo Thae FM-A c15-0,non_click,5923.3125,546.53125,2157.59375,29,4,20,12,False,True,0,K,7,0.671875,4064.0,Va,12995,False,4,0,3
Blo Thae GG-N d7-0,non_click,6209.96875,538.5625,2160.46875,18,2,16,15,True,True,0,G,3,1.078125,5754.0,Vab,7906,True,2,3,6
Blo Thae GW-D b28-0,non_click,5339.75,481.4375,2099.09375,14,2,,,False,True,0,M,3,0.417969,3140.0,Va,8240,False,2,0,0
Blo Thae HB-N d7-5,non_click,6152.46875,517.0625,2186.25,2,2,,,False,False,0,A,8,1.777344,7838.0,Vb,2112,False,2,0,0
Blo Thae HL-E b28-0,non_click,5479.125,536.28125,2095.5,10,1,9,1,False,False,0,M,4,0.363281,2851.0,Va,12048,False,1,0,0
Blo Thae HV-N b8-0,non_click,6281.59375,360.34375,1689.0,15,2,,,False,False,0,M,7,0.304688,2498.0,Va,9744,False,2,0,0
Blo Thae IL-P b19-1,non_click,6218.6875,25.3125,1934.21875,4,4,,,False,False,0,M,6,0.328125,2626.0,Va,12740,False,4,0,0
Blo Thae JR-N b20-1,non_click,6156.65625,23.5625,1944.53125,12,1,,,False,False,0,M,5,0.332031,2705.0,Va,12830,False,1,0,0
Blo Thae KH-A c15-0,non_click,6046.0,527.8125,2135.0,2,2,,,False,False,0,K,3,0.65625,4711.0,Va,6512,False,2,0,0
Blo Thae KM-U b4-0,non_click,6058.375,319.4375,1595.40625,22,3,19,19,False,True,0,M,9,0.199219,2067.0,VI,7652,True,3,0,0
Blo Thae MB-M b9-0,non_click,6298.09375,358.125,1699.9375,19,1,,,False,True,0,M,0,0.417969,3564.0,Va,11274,True,1,0,0
Blo Thae MH-A c15-0,non_click,6099.9375,530.5625,2154.5,18,4,14,5,True,True,0,K,5,0.695313,4376.0,Va,5646,False,4,0,8
Blo Thae PF-C c14-0,non_click,5417.53125,537.90625,2099.28125,17,4,,,False,True,0,M,0,0.46875,3639.0,Va,7588,False,4,0,0
Blo Thae PR-N b20-0,non_click,6285.0625,18.09375,1936.125,14,1,,,False,True,0,M,1,0.386719,3433.0,Va,12528,True,1,0,0
Blo Thae PT-Z b1-0,non_click,5875.1875,319.96875,1539.25,10,4,1,1,False,False,0,M,5,0.351563,2759.0,Va,5608,False,4,0,0
Blo Thae QX-Y c15-0,non_click,6258.8125,577.0,2175.40625,13,1,12,5,True,True,0,K,2,0.707031,4838.0,Va,4156,True,1,3,0
Blo Thae RS-S b5-0,non_click,6120.59375,320.96875,1617.03125,1,1,,,False,False,0,M,4,0.359375,2902.0,Va,4796,False,1,0,0
Blo Thae RZ-O d6-3,non_click,5354.34375,546.25,2087.6875,9,1,,,False,False,0,F,6,1.191406,6568.0,Vb,1368,False,1,0,0
Blo Thae SQ-G c10-6,non_click,6095.25,8.28125,1967.6875,1,1,,,False,False,0,K,7,0.507813,4121.0,Va,4752,False,1,0,0
Blo Thae TQ-B c14-1,non_click,5337.40625,419.78125,2124.25,2,2,,,False,False,0,K,4,0.753906,4543.0,Va,9988,False,2,0,0
Blo Thae TS-Y c15-0,non_click,6298.28125,535.78125,2179.3125,2,2,,,False,False,0,K,6,0.625,4227.0,Va,12841,False,2,0,0
Blo Thae VA-C c14-1,non_click,5579.09375,500.3125,2100.15625,9,1,8,0,False,True,1,M,3,0.449219,3154.0,Va,12871,True,1,0,0
Blo Thae WZ-X b2-0,non_click,5939.0,315.21875,1556.9375,2,1,1,0,True,False,0,M,9,0.207031,2102.0,VI,10788,False,1,0,0
Blo Thae XU-O d6-7,non_click,5638.0,500.96875,2131.15625,8,2,6,6,False,False,0,A,7,1.558594,8020.0,VI,694,False,2,0,0
Blo Thae ZA-C c14-0,non_click,5767.9375,516.1875,2115.875,24,1,23,19,True,True,0,G,9,0.804688,5212.0,Vab,9816,True,1,12,12
Blua Eoq FJ-J b15-0,non_click,5290.5625,-69.78125,1817.375,28,3,25,16,False,True,1,M,9,0.214844,2126.0,VI,7622,True,3,2,0
Blua Eoq GN-V b8-3,non_click,5296.3125,-102.875,1687.90625,12,1,,,False,False,0,M,8,0.203125,2274.0,Va,7254,False,1,0,0
Blua Eoq RF-Q b11-1,non_click,5288.0625,-89.125,1753.0,16,1,15,11,True,True,0,M,8,0.246094,2320.0,Va,10080,True,1,4,6
Blua Eoq UU-A b6-4,non_click,5299.9375,-89.53125,1622.75,17,2,15,15,False,False,0,M,8,0.203125,2211.0,Va,11090,False,2,0,0
Blua Eoq ZV-C d47,non_click,5295.375,-75.96875,1557.34375,4,4,,,False,False,0,G,5,0.980469,5523.0,Vab,1454,False,4,0,0
Blu Theia DU-T c18-0,non_click,7899.53125,619.125,2300.90625,25,3,22,15,False,True,0,K,6,0.527344,4152.0,Vab,2886,False,3,10,0
Blu Theia EX-J d9-0,non_click,8112.96875,667.71875,2334.90625,2,1,1,0,True,False,0,F,3,1.464844,7027.0,Vb,2260,False,1,0,0
Blu Theia FX-J d9-0,non_click,8208.21875,664.28125,2355.0625,11,1,10,3,False,False,2,F,1,1.445313,7206.0,VI,804,False,1,0,3
Blu Theia FZ-T c18-0,non_click,8059.5,664.9375,2307.875,10,1,9,4,False,False,0,M,0,0.550781,3540.0,Va,10496,False,1,4,0
Blu Theia GU-T c18-0,non_click,8019.3125,618.0625,2300.03125,3,3,,,False,False,0,K,9,0.539063,3714.0,Va,5058,False,3,0,0
Blu Theia IC-Q c20-0,non_click,8738.6875,577.875,2380.15625,9,4,5,1,False,True,0,K,9,0.597656,3795.0,Va,6140,False,4,0,3
Blu Theia LS-J d9-1,non_click,8548.3125,612.0625,2324.0625,9,3,6,2,False,True,2,F,3,1.308594,6950.0,Vb,1016,True,3,0,4
Blu Theia MF-S c19-0,non_click,8178.0,657.875,2339.71875,12,2,10,9,False,False,0,K,6,0.71875,4249.0,Va,7776,False,2,0,0
Blu Theia NX-P c20-0,non_click,8856.4375,535.25,2379.5625,1,1,,,False,False,0,K,1,0.792969,5018.0,Va,3028,False,1,0,0
Blu Theia NY-R e4-0,non_click,7796.15625,621.65625,2295.0,1,1,,,False,False,0,A,0,2.296875,8916.0,Vz,134,False,1,0,0
Blu Theia OF-S c19-0,non_click,8255.90625,658.8125,2338.75,10,3,7,0,True,False,1,K,9,0.578125,3777.0,Va,5484,False,3,0,0
Blu Theia OY-R e4-0,non_click,7960.125,627.96875,2298.34375,1,1,,,False,False,0,B,0,3.398438,12021.0,Vz,72,False,1,0,0
Blu Theia PF-S c19-0,non_click,8316.59375,668.9375,2353.5625,11,4,7,3,False,False,0,K,9,0.496094,3757.0,Va,4768,False,4,0,2
Blu Theia QU-T c18-0,non_click,8441.84375,649.71875,2331.59375,2,2,,,False,False,0,G,4,0.878906,5627.0,Vab,11322,False,2,0,0
Blu Theia RF-S c19-0,non_click,8377.125,658.71875,2337.5,7,1,6,1,False,False,0,K,2,0.707031,4761.0,Vab,8910,False,1,0,0
Blu Theia RY-H d10-1,non_click,8692.6875,558.28125,2381.59375,1,1,,,False,False,0,F,8,1.320313,6283.0,Vab,828,False,1,0,0
Blu Theia SN-V c17-0,non_click,7617.875,617.8125,2259.25,2,2,,,False,False,0,K,0,0.761719,5096.0,Vab,6490,False,2,0,0
Blu Theia UT-R e4-0,non_click,8606.59375,598.1875,2295.78125,3,3,,,False,False,0,A,4,1.902344,8853.0,Vb,1924,False,3,0,0
Blu Theia WL-L d8-4,non_click,7677.21875,607.53125,2281.375,2,2,,,False,False,0,F,6,1.21875,6527.0,Vb,1990,False,2,0,0
Blu Theia WQ-L d8-2,non_click,7852.59375,635.28125,2269.3125,2,2,,,False,False,0,F,4,1.152344,6842.0,Vb,5324,False,2,0,0
Blu Theia YV-R c19-0,non_click,8496.34375,614.65625,2342.28125,18,2,16,13,False,False,0,K,8,0.558594,3997.0,Va,8932,False,2,4,0
Blu Theia ZT-T c18-0,non_click,7736.1875,617.75,2300.125,11,1,10,2,False,False,0,K,9,0.554688,3716.0,Va,6472,False,1,2,0
Flyeia Dryoae DL-N a116-1,non_click,2708.4375,-26.46875,177.125,11,1,10,10,False,False,0,T,2,0.078125,1125.0,V,6298,False,1,0,0
Flyeia Dryoae QT-Z a109-0,non_click,2596.5625,-32.90625,105.53125,13,1,12,11,False,False,0,T,7,0.046875,860.0,V,692,False,1,6,0
Flyeia Dryoae UU-G a106-3,non_click,2542.09375,-34.46875,66.625,21,2,19,14,False,False,0,L,1,0.171875,1896.0,V,6364,False,2,4,0
Flyeia Dryoae VD-I a119-4,non_click,2765.40625,-31.3125,211.34375,14,1,13,13,False,False,0,Y,2,0.019531,505.0,V,10112,False,1,0,0
Flyua Dryoae AY-K a90-1,non_click,2261.78125,-31.09375,-103.46875,1,1,,,False,False,0,M,9,0.191406,2160.0,VI,1450,False,1,0,0
Flyua Dryoae DJ-R c21-21,non_click,2247.59375,-26.78125,-114.34375,25,1,7,5,True,True,0,G,9,0.804688,5222.0,Vab,746,True,1,0,0
Flyua Dryoae GD-C a95-3,non_click,2380.4375,-30.78125,-49.375,11,1,10,10,False,False,0,L,6,0.128906,1527.0,V,11160,False,1,0,0
Flyua Dryoae OK-H a92-3,non_click,2324.84375,-28.8125,-83.59375,8,1,7,4,False,True,0,Y,1,0.027344,573.0,V,4302,True,1,0,0
Flyua Dryoae XA-O a102-5,non_click,2486.375,-30.875,28.6875,8,1,7,7,False,False,0,T,4,0.066406,1010.0,V,1312,False,1,3,2
IC 2488 Sector DN-P b7-1,non_click,3643.28125,-98.15625,474.96875,11,3,8,4,True,True,0,M,8,0.246094,2299.0,Va,1740,False,3,6,3
IC 2944 Sector AF-B b3-4,non_click,5298.9375,-66.21875,1883.625,32,2,1,0,False,True,0,M,5,0.261719,2719.0,Va,1518,True,2,0,0
IC 2944 Sector BS-K b12-2,non_click,5281.21875,44.875,2084.71875,1,1,,,False,False,0,M,4,0.28125,2854.0,Va,8862,False,1,0,0
IC 2944 Sector GF-K b14-0,non_click,5344.96875,356.65625,2128.46875,9,1,8,6,False,False,0,M,8,0.21875,2307.0,Va,6450,False,1,1,2
IC 2944 Sector HD-K b12-0,non_click,5276.90625,-21.53125,2087.4375,7,1,,,False,True,0,M,5,0.308594,2704.0,Va,10730,True,1,0,0
IC 2944 Sector IP-M b12-0,non_click,5302.34375,237.625,2091.46875,2,2,,,False,False,0,M,2,0.398438,3295.0,Va,9318,False,2,0,0
IC 2944 Sector LQ-J b14-0,non_click,5319.46875,297.8125,2116.71875,9,2,7,6,False,True,0,M,6,0.308594,2633.0,Va,7420,True,2,0,0
IC 2944 Sector LT-J b12-2,non_click,5284.4375,-48.40625,2076.03125,2,2,,,False,False,0,TTS,5,0.335938,2681.0,Va,30,False,2,0,0
IC 2944 Sector VU-Q b8-3,non_click,5282.28125,-54.6875,2010.875,14,2,1,1,False,True,0,L,0,0.203125,1945.0,V,10404,True,2,0,0
IC 2944 Sector YU-W d2-17,non_click,5297.28125,107.90625,2094.8125,11,1,10,3,False,False,8,A,5,1.746094,8577.0,Vb,1118,False,1,1,0
Plio Eurl IF-V b43-10,non_click,2312.1875,-13.0625,-119.03125,12,1,,,False,True,0,M,9,0.230469,2108.0,VI,3308,True,1,0,0
Plio Eurl IK-M b48-7,non_click,2434.09375,-17.4375,-11.65625,13,1,12,6,False,False,0,M,5,0.339844,2699.0,Va,6920,False,1,0,0
Plio Eurl LP-V b43-7,non_click,2440.84375,16.65625,-107.90625,25,2,23,20,True,True,0,M,4,0.292969,2856.0,Va,9752,True,2,3,10
Plio Eurl RM-L c21-25,non_click,2375.46875,10.21875,-121.96875,3,3,,,False,False,0,K,8,0.640625,3981.0,Va,5818,False,3,0,0
Ploea Eurl AF-S b46-1,non_click,3658.78125,220.625,-57.75,1,1,,,False,False,0,M,3,0.332031,3113.0,Va,4550,False,1,0,0
Ploea Eurl DB-F d11-10,non_click,3223.71875,125.4375,-61.4375,2,2,,,False,False,0,A,9,1.378906,7606.0,Vb,1134,False,2,0,0
Ploea Eurl FG-F d11-48,non_click,3596.28125,199.75,-47.53125,10,1,,,False,False,0,G,8,0.828125,5356.0,Vab,666,False,1,0,0
Ploea Eurl FM-K c22-2,non_click,3346.78125,151.375,-65.46875,32,2,2,2,False,True,0,K,2,0.816406,4758.0,Va,5102,True,2,0,0
Ploea Eurl FU-S b45-1,non_click,3092.34375,114.5,-72.71875,7,2,,,False,True,0,M,6,0.25,2612.0,Va,11364,False,2,0,0
Ploea Eurl GT-T b44-5,non_click,2506.21875,28.6875,-101.875,17,2,,,False,False,0,M,5,0.28125,2727.0,Va,6438,False,2,0,0
Ploea Eurl HZ-S b45-5,non_click,3156.875,132.84375,-66.1875,10,1,,,False,False,0,L,0,0.210938,1980.0,V,1664,False,1,0,0
Ploea Eurl MX-I c23-1,non_click,3535.1875,178.78125,-61.96875,2,2,,,False,False,0,K,7,0.535156,4134.0,Va,342,False,2,0,0
Ploea Eurl OC-J c23-10,non_click,3722.21875,231.28125,-54.15625,20,2,5,5,False,True,0,M,1,0.480469,3428.0,Va,4128,True,2,0,0
Ploea Eurl RF-R b46-1,non_click,3284.65625,130.90625,-57.375,17,2,,,False,False,0,M,6,0.273438,2619.0,Va,1028,False,2,0,0
Ploea Eurl RW-J c22-19,non_click,2572.40625,21.25,-94.28125,2,2,,,False,False,0,TTS,8,0.449219,3930.0,Va,104,False,2,0,0
Ploea Eurl SJ-T b45-0,non_click,3468.28125,173.46875,-68.5625,13,2,,,False,True,0,M,8,0.21875,2262.0,Va,7506,False,2,0,0
Ploea Eurl TI-U b44-4,non_click,2894.46875,89.84375,-88.84375,6,1,5,2,False,True,0,M,5,0.332031,2737.0,Va,4672,True,1,1,0
Ploea Eurl VE-S b45-1,non_click,2767.84375,46.65625,-79.75,8,2,,,False,False,0,L,2,0.203125,1851.0,V,12484,False,2,0,0
Ploea Eurl VK-R b46-2,non_click,3413.21875,146.75,-55.90625,10,1,9,3,False,False,0,M,4,0.304688,2919.0,Va,5424,False,1,2,2
Ploea Eurl XV-E d11-77,non_click,2636.34375,38.4375,-97.625,30,2,1,0,False,True,0,K,8,0.476563,3958.0,Va,1012,True,2,0,0
Ploea Eurl ZG-K c22-6,non_click,3026.96875,100.90625,-71.0625,1,1,,,False,False,0,K,8,0.570313,3888.0,Va,12754,False,1,0,0
Ploea Eurl ZT-S b45-6,non_click,2960.28125,98.375,-79.25,1,1,,,False,False,0,M,7,0.234375,2473.0,Va,12832,False,1,0,0
Ploea Eur CJ-N b50-0,non_click,5378.03125,461.59375,21.875,2,2,,,False,False,0,M,6,0.328125,2647.0,Va,6092,False,2,0,0
Ploea Eur EO-D c27-0,non_click,5878.21875,541.21875,103.6875,9,1,,,False,True,0,K,6,0.566406,4161.0,Va,4700,True,1,0,0
Ploea Eur FG-I c24-6,non_click,5121.625,442.84375,-2.28125,37,1,2,2,False,True,0,K,3,0.792969,4707.0,Va,2120,True,1,0,0
Ploea Eur FI-P b49-0,non_click,5566.15625,482.6875,1.59375,1,1,,,False,False,0,M,8,0.234375,2326.0,Va,4300,False,1,0,0
Ploea Eur GL-I c24-2,non_click,5249.96875,458.8125,13.40625,14,2,,,False,False,0,M,0,0.453125,3593.0,Va,5988,False,2,0,0
Ploea Eur GO-N b50-1,non_click,5503.0,485.75,18.625,3,2,,,False,False,0,M,9,0.234375,2167.0,VI,10666,False,2,0,0
Ploea Eur IL-I c24-4,non_click,5316.03125,463.75,12.46875,5,4,,,False,False,0,K,5,0.664063,4418.0,Va,6012,False,4,0,0
Ploea Eur MO-N b50-0,non_click,5625.09375,493.125,28.0,1,1,,,False,False,0,M,6,0.335938,2663.0,Va,5290,False,1,0,0
Ploea Eur MS-O b49-0,non_click,5059.9375,420.15625,-4.21875,24,1,4,3,False,True,2,M,8,0.203125,2235.0,Va,528,True,1,0,0
Ploea Eur PO-N b50-0,non_click,5691.0625,492.96875,29.21875,7,1,1,0,False,False,0,M,4,0.339844,2899.0,Va,12984,False,1,0,0
Ploea Eur PR-G c25-2,non_click,5441.9375,465.75,28.09375,23,2,1,1,False,True,0,K,0,0.757813,5172.0,Vab,6176,True,2,0,0
Ploea Eur QT-N b50-0,non_click,5748.25,511.46875,25.40625,6,1,,,False,False,0,M,3,0.367188,3040.0,Va,8140,False,1,0,0
Ploea Eur QX-O b49-1,non_click,5188.125,442.25,1.4375,4,3,1,1,False,False,0,M,6,0.292969,2545.0,Va,9368,False,3,0,0
Ploea Eur UU-B b57-0,non_click,5857.40625,538.9375,160.84375,2,2,,,False,False,0,M,2,0.351563,3196.0,Va,5842,False,2,0,0
Ploea Eur XF-E d12-9,non_click,5814.40625,515.8125,36.5625,17,3,14,13,False,True,0,M,5,0.296875,2789.0,Va,1226,True,3,9,6
Ploea Eur YF-E d12-16,non_click,5859.65625,533.21875,43.875,2,2,,,False,False,0,F,6,1.394531,6536.0,Vb,2310,False,2,0,0
Ploi Eurl AX-Z c1-0,non_click,6416.0625,695.3125,-980.71875,6,1,,,False,True,0,K,5,0.652344,4336.0,Va,6952,True,1,0,0
Ploi Eurl CX-Q c6-0,non_click,6673.96875,689.4375,-746.6875,10,1,9,4,False,False,0,K,2,0.707031,4766.0,Vab,10626,False,1,1,0
Ploi Eurl DC-Z c15-1,non_click,7100.71875,619.21875,-376.03125,30,1,29,19,True,True,0,K,0,0.714844,5152.0,Vab,1470,True,1,7,26
Ploi Eurl DN-G c12-0,non_click,6855.90625,699.09375,-540.21875,17,2,15,12,False,False,2,K,3,0.75,4745.0,Va,6006,False,2,2,0
Ploi Eurl DS-A b44-0,non_click,7453.21875,574.15625,-111.09375,3,3,,,False,False,0,M,6,0.269531,2587.0,Va,12724,False,3,0,0
Ploi Eurl DS-F c26-0,non_click,7416.46875,616.15625,58.34375,17,2,15,13,False,True,0,M,1,0.464844,3461.0,Va,12894,False,2,4,0
Ploi Eurl EY-H b40-0,non_click,7305.71875,579.09375,-185.28125,3,3,,,False,False,0,M,7,0.246094,2437.0,Va,11592,False,3,0,0
Ploi Eurl FN-O c21-2,non_click,7271.5,643.9375,-119.1875,11,1,10,4,True,True,0,K,6,0.582031,4250.0,Va,10592,True,1,0,0
Ploi Eurl FR-C d13-11,non_click,7589.9375,564.0625,121.59375,40,1,39,26,True,True,1,M,1,0.414063,3406.0,Va,352,True,1,0,14
Ploi Eurl GC-Q c20-2,non_click,7382.625,601.6875,-147.8125,23,1,22,13,True,True,0,K,7,0.554688,4043.0,Va,3954,True,1,0,13
Ploi Eurl GX-P c20-2,non_click,7317.9375,563.15625,-176.125,8,1,7,7,False,False,0,K,4,0.652344,4477.0,Va,6022,False,1,5,0
Ploi Eurl GY-X c2-0,non_click,6436.34375,662.0625,-929.125,7,1,6,3,False,False,1,K,1,0.769531,4926.0,Vab,12400,False,1,7,0
Ploi Eurl HI-Q b49-0,non_click,7599.78125,584.5625,12.71875,3,3,,,False,False,0,M,2,0.355469,3197.0,Va,5204,False,3,0,0
Ploi Eurl HM-L d8-9,non_click,7268.34375,595.0625,-294.5,23,1,22,17,True,True,0,F,2,1.363281,7096.0,Vb,1582,False,1,23,3
Ploi Eurl HX-S d4-1,non_click,6741.5,715.21875,-654.09375,15,5,,,False,False,0,A,7,1.578125,8203.0,VI,592,False,5,0,0
Ploi Eurl HX-S d4-6,non_click,6759.53125,742.46875,-599.90625,5,1,,,False,False,0,F,3,1.578125,6940.0,Vab,920,False,1,0,0
Ploi Eurl HY-H b40-0,non_click,7359.15625,575.21875,-202.75,2,2,,,False,False,0,M,0,0.410156,3605.0,Va,12824,False,2,0,0
Ploi Eurl IS-B d0,non_click,6335.21875,706.75,-1050.4375,6,5,,,False,False,0,F,0,1.527344,7425.0,VI,1098,False,5,0,0
Ploi Eurl IX-P c20-0,non_click,7382.96875,564.15625,-170.3125,18,2,16,11,False,False,0,K,8,0.539063,3883.0,Va,4824,False,2,5,0
Ploi Eurl JI-O c21-3,non_click,7348.3125,589.375,-134.46875,27,1,26,17,True,True,0,K,0,0.851563,5118.0,Va,11252,True,1,5,12
Ploi Eurl JO-N c8-0,non_click,6700.0,697.1875,-699.40625,3,3,,,False,False,0,K,8,0.601563,3980.0,Va,6166,False,3,0,0
Ploi Eurl JT-M c22-1,non_click,7271.46875,626.75,-74.875,9,3,6,4,False,True,0,K,4,0.703125,4471.0,Va,3540,True,3,0,0
Ploi Eurl KZ-M b51-0,non_click,7536.375,595.1875,39.65625,1,1,,,False,False,0,M,6,0.257813,2575.0,Va,6070,False,1,0,0
Ploi Eurl LE-W c3-0,non_click,6484.625,680.5,-892.375,11,2,,,False,False,0,K,1,0.804688,4920.0,Va,4148,False,2,0,0
Ploi Eurl LO-E c13-0,non_click,6950.46875,673.40625,-490.59375,2,2,,,False,False,0,M,0,0.457031,3638.0,Va,5410,False,2,0,0
Ploi Eurl MD-I d10-5,non_click,7209.875,659.78125,-110.28125,23,4,19,8,True,True,2,K,4,0.683594,4548.0,Va,2328,False,4,1,9
Ploi Eurl MW-Z b44-0,non_click,7215.96875,659.71875,-87.28125,2,2,,,False,False,0,M,8,0.230469,2309.0,Va,10166,False,2,0,0
Ploi Eurl NE-G b41-0,non_click,7399.6875,580.1875,-184.625,3,2,1,0,False,False,0,M,9,0.214844,2054.0,VI,3658,False,2,0,0
Ploi Eurl OO-M c22-3,non_click,7392.4375,594.53125,-91.84375,9,1,8,1,False,False,0,G,3,0.867188,5758.0,Vab,5748,False,1,0,0
Ploi Eurl PF-W b32-0,non_click,7159.8125,598.25,-361.65625,1,1,,,False,False,0,M,8,0.246094,2201.0,Va,8878,False,1,0,0
Ploi Eurl PL-J b53-0,non_click,7475.0625,595.9375,78.625,18,1,17,10,True,True,0,M,5,0.289063,2783.0,Va,10488,True,1,2,8
Ploi Eurl PY-Q d5-4,non_click,6911.09375,672.96875,-522.125,13,2,11,6,False,False,0,F,9,1.035156,6117.0,Vb,1068,False,2,1,0
Ploi Eurl QP-V b46-0,non_click,7498.34375,575.5,-62.21875,7,1,6,5,False,False,0,M,3,0.351563,3051.0,Va,5606,False,1,1,0
Ploi Eurl QU-K c23-0,non_click,7318.71875,609.78125,-32.96875,13,3,10,8,False,False,0,K,9,0.574219,3780.0,Va,9536,False,3,1,3
Ploi Eurl RG-B b44-0,non_click,7326.90625,627.625,-123.1875,8,1,7,1,False,False,0,M,5,0.339844,2691.0,Va,10284,False,1,2,0
Ploi Eurl RK-U c4-0,non_click,6536.46875,655.65625,-859.78125,13,3,,,False,True,0,M,0,0.527344,3539.0,Va,6740,True,3,0,0
Ploi Eurl RR-Q b49-0,non_click,7368.0625,615.21875,11.8125,2,2,,,False,False,0,M,0,0.429688,3668.0,Va,13049,False,2,0,0
Ploi Eurl RV-T b47-0,non_click,7437.375,580.40625,-44.375,3,3,,,False,False,0,M,2,0.40625,3352.0,Va,12564,False,3,0,0
Ploi Eurl SK-U c4-0,non_click,6585.6875,680.53125,-826.125,10,1,,,False,False,0,M,0,0.5,3639.0,Va,11640,False,1,0,0
Ploi Eurl TF-E b42-0,non_click,7399.28125,564.0625,-150.4375,18,2,16,11,False,True,0,M,6,0.25,2652.0,Va,8774,True,2,3,0
Ploi Eurl TK-E b42-0,non_click,7440.53125,587.9375,-162.125,7,1,6,3,False,False,0,M,8,0.25,2305.0,Va,11230,False,1,0,0
Ploi Eurl UE-P d6-2,non_click,7009.34375,654.4375,-464.84375,1,1,,,False,False,0,A,6,1.691406,8441.0,VI,316,False,1,0,0
Ploi Eurl UK-E b42-0,non_click,7469.40625,590.84375,-155.5625,10,3,7,0,False,False,0,M,4,0.414063,2997.0,Va,6046,False,3,0,0
Ploi Eurl UL-J b53-0,non_click,7579.40625,600.875,80.6875,1,1,,,False,False,0,M,2,0.398438,3359.0,Va,7888,False,1,0,0
Ploi Eurl UW-B b30-0,non_click,7055.34375,636.8125,-419.5625,13,1,12,8,True,True,0,M,7,0.230469,2408.0,Va,8056,True,1,0,8
Ploi Eurl VQ-B c1-0,non_click,6379.34375,695.21875,-1023.53125,2,2,,,False,False,0,G,4,0.886719,5637.0,Vab,6926,False,2,0,0
Ploi Eurl WL-I c11-0,non_click,6817.09375,737.625,-579.375,2,2,,,False,False,0,K,2,0.761719,4780.0,Va,8300,False,2,0,0
Ploi Eurl WP-T c18-2,non_click,7316.25,588.0,-250.1875,29,1,28,15,True,True,0,K,3,0.800781,4663.0,Va,7224,True,1,12,8
Ploi Eurl WR-H b54-0,non_click,7538.03125,597.9375,99.625,2,2,,,False,False,0,M,3,0.4375,3116.0,Va,5442,False,2,0,0
Ploi Eurl YA-J c24-0,non_click,7486.21875,592.71875,-3.0,1,1,,,False,False,0,K,8,0.507813,3887.0,Va,4150,False,1,0,0
Ploi Eurl YG-U b33-0,non_click,7216.03125,591.84375,-333.34375,8,1,7,7,False,False,0,M,6,0.257813,2545.0,Va,6408,False,1,4,0
Ploi Eurl YL-C b43-0,non_click,7416.09375,560.1875,-144.1875,8,1,7,5,False,False,0,M,5,0.34375,2846.0,Va,12284,False,1,2,0
Ploi Eurl YQ-T b47-0,non_click,7552.6875,565.25,-31.34375,1,1,,,False,False,0,K,9,0.445313,3790.0,Va,6524,False,1,0,0
Ploi Eurl ZB-R c6-0,non_click,6618.71875,697.46875,-782.28125,8,1,,,False,False,0,K,8,0.542969,3951.0,Va,12340,False,1,0,0
Praea Eurl DI-T b20-0,non_click,8247.0,625.46875,668.1875,20,1,19,12,True,True,0,M,4,0.382813,2854.0,Va,12574,True,1,0,10
Praea Eurl DY-U b5-0,non_click,7841.25,567.375,342.71875,21,2,19,16,False,False,0,M,4,0.390625,2997.0,Va,7418,False,2,2,0
Praea Eurl EH-H c25-0,non_click,8816.28125,580.875,1300.5,11,2,9,7,True,True,0,M,0,0.46875,3673.0,Va,5120,True,2,0,0
Praea Eurl FR-C d13-1,non_click,8843.0625,558.5,1354.03125,13,1,12,1,False,False,1,G,4,0.96875,5616.0,Vab,8956,False,1,0,0
Praea Eurl FR-C d13-4,non_click,8889.0625,574.09375,1391.25,1,1,,,False,False,0,F,1,1.539063,7306.0,Vb,1448,False,1,0,0
Praea Eurl HO-K b11-0,non_click,7997.6875,586.15625,461.90625,13,3,10,7,False,False,0,M,8,0.253906,2265.0,Va,5514,False,3,1,0
Praea Eurl IT-Q b35-0,non_click,8548.9375,579.46875,982.59375,8,1,7,5,False,True,0,M,6,0.253906,2577.0,Va,5856,True,1,0,0
Praea Eurl JZ-B b2-0,non_click,7757.0,557.59375,257.6875,2,2,,,False,False,0,M,3,0.332031,3034.0,Va,10358,False,2,0,0
Praea Eurl LS-S d4-1,non_click,8190.96875,630.90625,631.875,13,3,10,1,False,False,0,G,5,0.796875,5556.0,Vab,8554,False,3,0,0
Praea Eurl MP-Y b17-0,non_click,8138.875,615.28125,595.3125,8,1,7,7,False,False,0,M,5,0.285156,2729.0,Va,6168,False,1,6,0
Praea Eurl MS-J d9-1,non_click,8581.40625,581.59375,1035.875,8,1,7,6,False,False,0,A,8,1.707031,7950.0,Vb,2730,False,1,2,0
Praea Eurl MS-J d9-5,non_click,8612.15625,583.6875,1094.8125,10,1,9,9,False,False,0,F,6,1.429688,6526.0,Vab,1826,False,1,0,0
Praea Eurl MY-O c7-0,non_click,8100.15625,616.09375,540.15625,3,2,1,1,False,False,0,M,0,0.566406,3666.0,Va,11262,False,2,0,3
Praea Eurl MZ-G b27-0,non_click,8376.15625,617.1875,796.625,3,3,,,False,False,0,M,5,0.328125,2763.0,Va,12923,False,3,0,0
Praea Eurl MZ-X b31-0,non_click,8455.09375,596.28125,897.5,18,3,15,7,True,True,0,M,7,0.28125,2409.0,Va,6008,True,3,0,6
Praea Eurl OK-R b7-0,non_click,7895.59375,555.65625,380.4375,15,1,14,8,False,False,0,M,6,0.324219,2667.0,Va,12908,False,1,1,0
Praea Eurl OZ-W b45-0,non_click,8751.9375,550.40625,1211.78125,1,1,,,False,False,0,M,3,0.394531,3021.0,Va,2048,False,1,0,0
Praea Eurl PF-H b13-0,non_click,8052.90625,597.96875,495.84375,2,2,,,False,False,0,M,5,0.300781,2833.0,Va,6570,False,2,0,0
Praea Eurl RJ-M c22-1,non_click,8699.6875,537.65625,1180.3125,29,3,26,22,False,True,0,K,4,0.753906,4466.0,Va,10240,False,3,5,0
Praea Eurl RQ-Y b3-0,non_click,7799.5625,580.625,299.25,2,2,,,False,False,0,M,4,0.308594,2901.0,Va,11986,False,2,0,0
Praea Eurl TV-N b23-0,non_click,8280.4375,599.15625,718.21875,7,6,1,0,True,False,0,M,4,0.386719,2886.0,Va,10650,False,6,0,0
Praea Eurl WL-U b33-0,non_click,8500.9375,599.65625,940.625,9,1,8,8,False,False,0,M,6,0.335938,2529.0,Va,5374,False,1,6,0
Praea Eurl XG-M b24-0,non_click,8330.15625,621.65625,751.28125,18,2,16,13,False,True,0,M,8,0.25,2222.0,Va,10652,True,2,3,0
Praea Eurl XK-C c14-1,non_click,8411.65625,603.21875,849.875,5,2,3,2,False,False,0,M,1,0.457031,3381.0,Va,11312,False,2,4,0
Praea Eurl XP-K c23-1,non_click,8806.9375,552.1875,1243.96875,8,2,6,6,False,True,0,K,8,0.542969,3865.0,Va,9838,True,2,0,0
Praea Eurl YW-N b9-0,non_click,7945.15625,571.875,422.6875,12,1,11,6,False,False,0,M,3,0.320313,3021.0,Va,11082,False,1,0,0
Preae Thae FC-B d14-0,non_click,6145.71875,667.75,-1118.75,22,1,21,15,True,True,0,F,4,1.398438,6877.0,Vb,1254,True,1,0,3
Preae Thae HJ-C c28-0,non_click,6086.9375,675.53125,-1127.5625,20,2,,,False,False,0,K,9,0.609375,3749.0,Va,10190,False,2,0,0
Preae Thae IE-C c28-0,non_click,6027.46875,649.0,-1118.84375,9,2,7,7,False,False,0,K,5,0.683594,4358.0,Va,8328,False,2,0,0
Preae Thae JO-C c28-0,non_click,6218.65625,697.46875,-1144.84375,9,1,8,7,False,False,0,M,0,0.507813,3567.0,Va,11504,False,1,1,0
Preae Thae KO-C c28-0,non_click,6256.34375,700.125,-1143.4375,25,2,,,False,True,0,G,9,0.78125,5211.0,Vab,11848,True,2,0,0
Preae Thae ME-C c28-0,non_click,6208.1875,650.625,-1120.96875,12,1,,,False,True,0,G,6,0.832031,5442.0,Vab,12124,True,1,0,0
Preae Thae PU-A c29-0,non_click,6300.375,696.5,-1103.71875,23,1,,,False,True,0,K,1,0.753906,4926.0,Vab,9742,True,1,0,0
Prua Dryou AJ-C b19-3,non_click,4627.375,-84.96875,622.875,41,2,39,32,True,True,0,M,7,0.214844,2412.0,Va,3338,True,2,2,12
Prua Dryou ER-F b17-8,non_click,4300.8125,-85.53125,575.71875,12,1,11,4,True,True,0,M,5,0.273438,2809.0,Va,2146,True,1,0,0
Prua Dryou FE-C b19-8,non_click,4691.9375,-89.96875,631.96875,3,3,,,False,False,0,M,1,0.398438,3364.0,Va,6002,False,3,0,0
Prua Dryou FY-K b14-7,non_click,4043.03125,-93.09375,526.09375,11,2,9,7,False,False,0,M,5,0.328125,2737.0,Va,4376,False,2,0,0
Prua Dryou GS-W b21-3,non_click,4952.59375,-118.25,682.8125,9,2,7,5,False,False,0,M,8,0.214844,2324.0,Va,11818,False,2,0,0
Prua Dryou HP-R c7-14,non_click,4174.0,-80.78125,537.34375,8,1,7,0,False,False,0,K,2,0.742188,4877.0,Va,4984,False,1,0,0
Prua Dryou HR-F b17-3,non_click,4366.9375,-86.375,580.65625,1,1,,,False,False,0,M,8,0.25,2196.0,Va,11928,False,1,0,0
Prua Dryou IX-N c9-16,non_click,4822.75,-109.5625,648.8125,26,1,25,17,True,True,1,K,8,0.59375,3859.0,Va,3526,True,1,5,19
Prua Dryou JO-X d2-69,non_click,3909.65625,-92.96875,507.1875,12,1,,,False,False,0,A,9,1.519531,7643.0,Vb,348,False,1,0,0
Prua Dryou KL-O b12-0,non_click,3776.6875,-90.1875,488.375,2,2,,,False,False,0,M,7,0.28125,2384.0,Va,12040,False,2,0,0
Prua Dryou KS-W b21-1,non_click,5019.15625,-120.34375,681.125,9,1,8,5,False,True,0,M,7,0.296875,2467.0,Va,9806,True,1,0,0
Prua Dryou ME-J b15-6,non_click,4107.0,-88.9375,535.84375,49,3,46,22,True,True,0,M,7,0.28125,2366.0,Va,1784,True,3,5,16
Prua Dryou NK-A b20-4,non_click,4757.71875,-92.40625,643.21875,2,2,,,False,False,0,M,3,0.351563,3048.0,Va,9676,False,2,0,0
Prua Dryou OX-D b18-1,non_click,4431.90625,-87.21875,598.125,9,2,7,5,False,False,0,M,7,0.246094,2467.0,Va,11116,False,2,3,0
Prua Dryou SX-D b18-9,non_click,4496.5,-91.71875,605.15625,14,4,10,10,False,False,0,M,5,0.355469,2800.0,Va,4914,False,4,3,3
Prua Dryou VI-T c6-23,non_click,3842.3125,-93.125,503.65625,1,1,,,False,False,0,K,1,0.808594,4982.0,Va,2914,False,1,0,0
Prua Dryou VP-H b16-7,non_click,4236.46875,-75.84375,560.03125,12,1,11,9,False,False,0,M,6,0.246094,2583.0,Va,2152,False,1,2,0
Prua Dryou ZB-O c9-36,non_click,4560.59375,-81.8125,621.34375,11,2,9,9,False,True,0,M,0,0.496094,3554.0,Va,10218,False,2,2,0
Prua Dryou ZL-Y b20-5,non_click,4887.21875,-111.15625,668.125,2,2,,,False,False,0,M,4,0.386719,2943.0,Va,2068,False,2,0,0
Pru Eur NY-B c28-0,non_click,8935.34375,575.40625,1417.53125,12,1,11,2,False,False,2,K,1,0.855469,4933.0,Vab,2268,False,1,0,0
Pru Eur VW-A d14-0,non_click,8978.03125,549.4375,1446.09375,2,2,,,False,False,0,F,9,1.164063,6103.0,Vb,3398,False,2,0,0
Sifaea AM-W b31-0,non_click,5871.75,445.90625,906.53125,6,1,,,False,False,0,M,4,0.410156,2992.0,Va,12492,False,1,0,0
Sifaea AQ-D c13-1,non_click,5858.5,460.78125,787.625,10,1,,,False,False,0,M,1,0.539063,3483.0,Va,10454,False,1,0,0
Sifaea AW-S c18-3,non_click,5872.84375,430.65625,1037.84375,17,4,,,False,True,0,G,9,0.757813,5215.0,Vab,12878,True,4,0,0
Sifaea CX-H c24-5,non_click,5867.40625,370.65625,1284.34375,4,4,,,False,False,0,K,4,0.589844,4546.0,Va,3844,False,4,0,0
Sifaea EE-Z b43-0,non_click,5855.65625,397.15625,1155.59375,5,3,,,False,False,0,L,0,0.199219,1939.0,V,9898,False,3,0,0
Sifaea GF-X c2-0,non_click,5857.1875,517.15625,347.25,48,2,,,False,True,0,G,2,0.886719,5818.0,Vb,12254,True,2,0,0
Sifaea JW-B b56-0,non_click,5880.4375,360.03125,1416.40625,19,2,,,False,True,0,M,8,0.226563,2217.0,Va,12556,True,2,0,0
Sifaea KC-L d8-16,non_click,5867.3125,440.1875,971.875,3,3,,,False,False,0,A,8,1.417969,7871.0,VI,4184,False,3,0,0
Sifaea KJ-F b0,non_click,5856.6875,543.625,226.46875,32,1,,,False,True,0,M,2,0.441406,3214.0,Va,4030,True,1,0,0
Sifaea LG-I b12-0,non_click,5840.0,518.46875,476.21875,36,1,2,2,False,True,0,M,3,0.394531,3157.0,Va,13056,True,1,0,0
Sifaea LY-B b29-0,non_click,5854.125,455.6875,853.46875,32,1,1,1,False,True,0,M,1,0.425781,3377.0,Va,11994,True,1,0,0
Sifaea MM-X b17-0,non_click,5857.21875,495.8125,598.84375,11,1,,,False,False,0,M,6,0.300781,2557.0,Va,5914,False,1,0,0
Sifaea MS-M b23-0,non_click,5865.875,478.125,724.375,17,3,,,False,True,0,M,3,0.335938,3100.0,Va,1784,False,3,0,0
Sifaea SR-T b46-0,non_click,5856.125,376.71875,1218.84375,19,1,,,False,True,0,M,7,0.292969,2424.0,Va,7916,True,1,0,0
Sifaea TL-E b41-0,non_click,5876.34375,400.34375,1095.9375,7,2,,,False,True,0,M,3,0.410156,3049.0,Va,11702,False,2,0,0
Sifaea TX-I b52-0,non_click,5884.5,365.5625,1349.34375,8,2,,,False,False,0,M,9,0.21875,2027.0,VI,4826,False,2,0,0
Sifaea VH-P b8-0,non_click,5851.78125,522.25,411.625,2,2,,,False,False,0,M,9,0.207031,2098.0,VI,4584,False,2,0,0
Sifaea XJ-W b58-0,non_click,5875.90625,339.28125,1477.5625,9,1,,,False,False,0,M,6,0.234375,2511.0,Va,11486,False,1,0,0
Sifaea YD-B d5,non_click,5872.75,523.5625,284.625,40,4,,,False,False,0,G,2,1.066406,5821.0,Vab,6066,False,4,0,0
Sifaea YE-S b20-0,non_click,5856.53125,496.4375,663.0625,2,1,,,False,False,0,M,3,0.359375,3147.0,Va,10956,False,1,0,0
Sifaea YY-C b15-0,non_click,5860.34375,516.75,540.34375,18,2,,,False,True,0,M,0,0.441406,3688.0,Va,3590,True,2,0,0
Swoidai BW-S b37-2,non_click,5331.875,-99.5625,1034.0625,4,4,,,False,False,0,M,6,0.289063,2584.0,Va,8984,False,4,0,0
Swoidai CP-J b56-2,non_click,5302.875,-88.25,1426.25,10,1,,,False,False,0,M,9,0.230469,2054.0,VI,7596,False,1,0,0
Swoidai DN-G b44-2,non_click,5315.96875,-93.125,1164.8125,10,1,,,False,False,0,M,0,0.402344,3545.0,Va,4432,False,1,0,0
Swoidai GG-D b32-4,non_click,5340.21875,-107.125,902.34375,14,2,2,2,False,True,0,M,3,0.410156,3100.0,Va,6418,True,2,0,0
Swoidai IQ-W b21-0,non_click,5219.5625,-119.0625,683.65625,10,1,9,0,False,False,0,M,2,0.441406,3195.0,Va,6670,False,1,0,0
Swoidai MC-M c10-24,non_click,5085.78125,-128.46875,678.875,35,1,34,24,True,True,0,K,6,0.578125,4166.0,Va,542,True,1,1,18
Swoidai MK-B b47-1,non_click,5310.625,-85.0,1228.84375,13,1,12,5,False,False,0,M,9,0.203125,2134.0,VI,6532,False,1,0,0
Swoidai MM-E b59-4,non_click,5302.46875,-76.375,1490.40625,3,3,,,False,False,0,M,1,0.410156,3515.0,Va,10582,False,3,0,0
Swoidai OB-P b53-2,non_click,5310.5625,-76.6875,1361.1875,2,1,1,0,False,False,0,M,6,0.285156,2669.0,Va,11656,False,1,0,0
Swoidai OC-M c10-8,non_click,5153.0625,-125.28125,678.03125,6,1,5,4,False,False,0,K,4,0.636719,4524.0,Va,12586,False,1,4,0
Swoidai PW-U b22-4,non_click,5284.6875,-112.09375,696.3125,10,1,9,0,False,False,0,M,3,0.347656,3131.0,Va,12174,False,1,0,0
Swoidai QU-L b41-5,non_click,5314.25,-98.375,1098.90625,23,2,21,13,False,True,0,M,5,0.261719,2720.0,Va,2008,False,2,6,6
Swoidai SS-I b29-1,non_click,5346.96875,-99.96875,835.59375,9,1,8,7,False,False,0,M,6,0.261719,2645.0,Va,6714,False,1,7,2
Swoidai SW-U b22-2,non_click,5350.59375,-118.34375,704.75,26,2,3,3,False,True,0,M,8,0.238281,2214.0,Va,6674,True,2,0,0
Swoidai TY-Z c16-12,non_click,5339.5625,-100.96875,968.75,8,1,7,6,False,True,0,M,1,0.539063,3497.0,Va,12813,True,1,0,0
Swoidai YC-W b49-4,non_click,5301.65625,-77.1875,1294.34375,11,1,10,6,True,True,0,M,4,0.304688,2937.0,Va,3222,True,1,0,0
Swoidai ZB-S d5-73,non_click,5345.59375,-109.71875,770.375,2,2,,,False,False,0,A,4,1.78125,8809.0,Vb,2350,False,2,0,0
Swoiphs CU-C a12-2,non_click,2998.78125,-42.9375,341.0625,8,1,7,7,False,False,0,Y,1,0.027344,610.0,V,3922,False,1,1,0
Swoiphs DD-E c1-6,non_click,2879.0,-44.25,281.6875,6,1,5,4,True,True,0,K,3,0.742188,4616.0,Vab,12925,True,1,3,0
Swoiphs DT-V b8-4,non_click,3253.78125,-74.75,401.8125,41,2,39,22,True,True,0,M,3,0.347656,3118.0,Va,4410,True,2,0,18
Swoiphs HT-V b8-0,non_click,3320.28125,-75.375,410.84375,18,3,15,9,False,True,2,M,5,0.285156,2744.0,Va,3462,False,3,4,0
Swoiphs KB-I a9-2,non_click,2938.15625,-43.6875,311.96875,9,1,8,8,False,False,0,Y,2,0.023438,527.0,V,11644,False,1,0,0
Swoiphs OZ-T b9-4,non_click,3385.28125,-78.53125,427.59375,19,1,18,11,True,True,0,M,1,0.378906,3437.0,Va,3496,True,1,0,2
Swoiphs PD-V c5-16,non_click,3513.125,-88.09375,455.78125,8,1,7,3,False,False,0,K,3,0.816406,4706.0,Va,11248,False,1,1,0
Swoiphs RD-V c5-14,non_click,3578.46875,-88.59375,472.78125,9,1,8,8,False,False,0,K,4,0.675781,4470.0,Va,12865,False,1,7,0
Swoiphs RR-X b7-10,non_click,3123.65625,-64.1875,380.125,25,2,23,11,False,True,0,M,3,0.324219,3098.0,Va,1672,True,2,5,0
Swoiphs SN-O b12-8,non_click,3710.3125,-94.625,482.0625,7,1,6,6,False,False,0,M,7,0.222656,2412.0,Va,13019,False,1,0,0
Swoiphs UR-X b7-0,non_click,3189.65625,-63.5625,384.53125,20,2,18,10,False,True,4,M,3,0.390625,3048.0,Va,1474,False,2,8,0
Swoiphs VF-S b10-4,non_click,3450.78125,-79.59375,436.53125,5,1,4,0,False,False,0,M,2,0.390625,3283.0,Va,11486,False,1,0,0
Swoiphs YU-S a3-3,non_click,2821.71875,-34.71875,247.6875,10,1,9,5,False,False,0,T,4,0.058594,1046.0,V,8950,False,1,2,0
Tyriedgaa AI-O c21-0,non_click,9548.875,591.90625,2424.5,12,2,10,2,False,True,2,M,0,0.472656,3548.0,Va,10526,True,2,2,0
Tyriedgaa BG-N d7-1,non_click,9615.34375,558.78125,2139.15625,12,1,11,9,False,False,1,A,9,1.679688,7568.0,Vab,802,False,1,2,0
Tyriedgaa BI-O c21-0,non_click,9611.5,590.5625,2423.71875,2,2,,,False,False,0,K,5,0.675781,4329.0,Vab,10096,False,2,0,0
Tyriedgaa BT-M c22-0,non_click,9497.40625,615.375,2458.46875,13,1,12,11,False,False,0,K,2,0.6875,4813.0,Vab,2896,False,1,13,0
Tyriedgaa CB-W d2-1,non_click,9221.46875,557.0625,1743.59375,17,1,16,10,True,True,0,F,3,1.496094,6967.0,Vb,1748,True,1,24,0
Tyriedgaa DD-F b0,non_click,9000.78125,520.46875,1500.3125,8,1,7,7,False,False,0,M,9,0.207031,2098.0,VI,1954,False,1,0,0
Tyriedgaa DM-A c15-0,non_click,9657.40625,557.84375,2162.5,1,1,,,False,False,0,K,5,0.617188,4412.0,Va,10252,False,1,0,0
Tyriedgaa EY-H d10-0,non_click,8902.09375,540.6875,2384.1875,4,4,,,False,False,0,F,4,1.269531,6882.0,VI,1458,False,4,0,0
Tyriedgaa FT-M c22-0,non_click,9656.5625,617.6875,2460.84375,9,1,8,1,False,False,1,K,5,0.65625,4437.0,Va,3490,False,1,0,0
Tyriedgaa FY-H d10-2,non_click,9004.59375,538.03125,2424.53125,11,1,10,1,False,False,1,G,9,1.039063,5274.0,Va,1524,False,1,2,0
Tyriedgaa GN-O c21-0,non_click,9866.5625,618.03125,2419.15625,8,1,7,6,False,False,0,K,9,0.546875,3796.0,Va,13034,False,1,3,0
Tyriedgaa GS-H c11-0,non_click,9456.78125,578.28125,1977.6875,11,1,10,8,False,True,0,G,6,0.871094,5465.0,Vab,12568,True,1,2,0
Tyriedgaa HN-O c21-0,non_click,9921.9375,634.34375,2433.1875,8,4,4,4,False,True,0,K,0,0.730469,5067.0,Vab,8562,False,4,0,0
Tyriedgaa HS-Y c15-0,non_click,9684.625,566.28125,2202.3125,21,2,19,13,False,True,1,K,3,0.785156,4600.0,Va,8440,False,2,3,5
Tyriedgaa JI-Q c6-0,non_click,9259.90625,537.59375,1776.75,2,2,,,False,False,0,K,0,0.804688,5054.0,Vab,10258,False,2,0,0
Tyriedgaa JJ-G d11-1,non_click,9152.46875,617.21875,2465.8125,15,2,13,13,False,False,1,F,1,1.554688,7270.0,Vb,1412,False,2,4,0
Tyriedgaa JN-H c11-0,non_click,9509.15625,571.15625,1994.1875,6,1,5,0,False,False,0,K,6,0.652344,4283.0,Va,5174,False,1,0,0
Tyriedgaa JO-M c22-0,non_click,9774.5,594.125,2464.875,3,3,,,False,False,0,K,7,0.523438,4029.0,Va,6770,False,3,0,0
Tyriedgaa LD-Z c1-0,non_click,9095.46875,535.1875,1580.625,11,1,10,3,False,False,2,K,0,0.875,5081.0,Va,2944,False,1,1,0
Tyriedgaa LS-J d9-3,non_click,9835.875,588.25,2367.6875,6,6,,,False,False,0,F,6,1.265625,6471.0,Vb,3252,False,6,0,0
Tyriedgaa MJ-G d11-0,non_click,9383.84375,620.0,2457.375,6,1,5,1,True,True,0,G,2,1.140625,5766.0,Vab,1112,True,1,0,0
Tyriedgaa MJ-G d11-1,non_click,9438.65625,640.4375,2459.21875,27,1,26,16,True,True,0,A,9,1.722656,7555.0,Vb,1570,True,1,0,6
Tyriedgaa MY-F c12-0,non_click,9549.78125,576.625,2041.53125,20,2,18,6,False,True,0,K,6,0.5625,4211.0,Va,12780,False,2,3,0
Tyriedgaa NC-O c21-0,non_click,8937.53125,540.09375,2417.53125,1,1,,,False,False,0,K,3,0.851563,4745.0,Va,4798,False,1,0,0
Tyriedgaa NI-B d4,non_click,9041.15625,545.75,1544.8125,23,2,21,13,False,False,4,A,4,1.722656,8862.0,VI,1674,False,2,7,0
Tyriedgaa NO-M c22-0,non_click,9898.03125,584.34375,2455.4375,1,1,,,False,False,0,K,9,0.484375,3701.0,Va,11664,False,1,0,0
Tyriedgaa OJ-V c17-0,non_click,9698.03125,580.5625,2260.59375,12,4,8,8,False,True,0,G,9,0.8125,5242.0,Vab,9038,False,4,4,0
Tyriedgaa OO-M c22-0,non_click,9944.15625,609.625,2473.8125,10,3,7,5,False,False,1,M,3,0.460938,3188.0,Va,5902,False,3,1,2
Tyriedgaa OO-O c7-0,non_click,9295.34375,538.0,1815.6875,15,2,13,10,True,True,0,G,9,0.835938,5201.0,Vab,6152,True,2,0,8
Tyriedgaa QJ-G d11-2,non_click,9713.59375,622.84375,2468.125,6,5,1,0,True,True,0,F,0,1.089844,6380.0,Vz,168,True,5,0,0
Tyriedgaa RU-T c18-0,non_click,9739.09375,615.03125,2297.65625,9,1,8,2,False,False,0,K,9,0.460938,3847.0,Va,11090,False,1,1,0
Tyriedgaa SO-Z d3,non_click,9110.375,551.78125,1638.75,24,3,21,10,True,True,4,A,8,1.605469,7753.0,Vb,1848,False,3,5,0
Tyriedgaa TE-G d11-4,non_click,9835.5,594.9375,2470.4375,20,1,19,13,True,True,1,F,6,1.222656,6485.0,Vb,2758,False,1,0,7
Tyriedgaa TN-M c22-0,non_click,9096.0,583.84375,2472.03125,2,2,,,False,False,0,G,9,0.765625,5272.0,Vab,1494,False,2,0,0
Tyriedgaa TS-M c22-0,non_click,9210.25,637.5625,2478.625,10,1,9,2,True,False,1,K,5,0.699219,4387.0,Va,9622,False,1,0,0
Tyriedgaa TU-M c8-0,non_click,9339.1875,535.65625,1857.84375,11,1,10,1,False,False,1,K,4,0.679688,4551.0,Va,12404,False,1,1,0
Tyriedgaa UI-M c22-0,non_click,9058.0625,537.5,2459.0,49,1,48,35,True,True,0,K,7,0.527344,4127.0,Va,13053,True,1,1,44
Tyriedgaa VK-C c14-0,non_click,9579.40625,576.125,2096.28125,23,2,21,13,True,True,1,K,9,0.464844,3772.0,Va,12910,True,2,0,12
Tyriedgaa VS-M c22-0,non_click,9271.8125,652.53125,2489.25,9,1,8,7,False,False,0,M,1,0.523438,3431.0,Va,13059,False,1,0,0
Tyriedgaa WS-M c22-0,non_click,9324.46875,630.5,2466.25,9,1,8,1,False,False,1,K,6,0.601563,4178.0,Va,5416,False,1,0,0
Tyriedgaa XA-U c4-0,non_click,9177.125,577.65625,1697.5,10,1,9,0,False,False,0,K,8,0.53125,3971.0,Va,5606,False,1,0,0
Tyriedgaa XU-X d1-2,non_click,9149.03125,598.21875,1667.03125,7,1,6,3,False,False,1,A,7,1.675781,8097.0,Vab,554,False,1,0,9
Tyriedgaa YA-L c9-0,non_click,9379.875,536.5625,1900.21875,6,1,5,0,False,False,0,K,6,0.566406,4209.0,Va,5588,False,1,0,0
Tyriedgaa YV-R c19-0,non_click,9777.71875,578.6875,2336.9375,3,3,,,False,False,0,K,3,0.628906,4682.0,Vab,12862,False,3,0,0
Tyriedgaa ZA-L c9-0,non_click,9421.8125,560.4375,1934.0625,17,3,14,13,False,True,0,K,6,0.675781,4211.0,Va,12929,False,3,0,0
Tyriedgoea AD-F b13-0,non_click,6535.46875,379.21875,1778.25,1,1,,,False,False,0,M,6,0.269531,2524.0,Va,5214,False,1,0,0
Tyriedgoea AH-L d8-2,non_click,6517.9375,491.96875,2265.625,26,3,1,0,False,True,0,A,7,1.566406,8098.0,VI,1744,True,3,0,0
Tyriedgoea AH-L d8-3,non_click,6566.0,502.71875,2264.71875,36,1,,,False,True,0,G,2,1.023438,5760.0,Vab,1132,True,1,0,0
Tyriedgoea BD-R b18-0,non_click,6409.875,34.625,1908.0625,2,2,,,False,False,0,M,8,0.210938,2199.0,Va,5860,False,2,0,0
Tyriedgoea BH-L d8-3,non_click,6614.6875,526.21875,2235.5,8,1,7,0,False,False,2,F,1,1.683594,7283.0,Vb,1490,False,1,0,0
Tyriedgoea BN-M c7-3,non_click,7417.46875,122.6875,1850.96875,6,1,,,False,False,0,K,6,0.574219,4203.0,Va,5744,False,1,0,0
Tyriedgoea BS-W b17-0,non_click,6760.96875,419.34375,1879.5,9,2,,,False,True,0,M,6,0.300781,2533.0,Va,12931,True,2,0,0
Tyriedgoea CQ-D c13-0,non_click,7243.875,463.21875,2065.6875,22,1,,,False,True,0,M,0,0.515625,3554.0,Va,9338,True,1,0,0
Tyriedgoea CT-W c16-0,non_click,6666.15625,529.8125,2224.25,6,1,5,0,False,False,0,K,7,0.664063,4069.0,Va,6374,False,1,0,0
Tyriedgoea DH-L d8-0,non_click,6771.96875,505.28125,2256.96875,10,1,9,8,False,False,1,A,7,1.652344,8059.0,Vb,2984,False,1,1,0
Tyriedgoea DN-Y c15-0,non_click,6881.875,529.78125,2202.71875,13,2,11,5,True,True,0,K,3,0.621094,4629.0,Vab,11502,True,2,0,8
Tyriedgoea DT-W c16-0,non_click,6718.9375,519.78125,2246.34375,12,4,8,3,False,False,2,K,2,0.734375,4891.0,Va,10814,False,4,0,0
Tyriedgoea ED-G b26-0,non_click,7514.0,353.65625,2059.78125,3,3,,,False,False,0,M,5,0.257813,2689.0,Va,5386,False,3,0,0
Tyriedgoea EM-K c9-0,non_click,6820.34375,417.34375,1900.25,17,1,3,3,False,True,0,M,2,0.460938,3223.0,Va,4034,True,1,0,0
Tyriedgoea EY-W c16-0,non_click,6825.75,535.5625,2229.65625,8,1,7,0,False,False,0,K,5,0.695313,4360.0,Va,5484,False,1,0,0
Tyriedgoea FM-K c9-0,non_click,6877.0625,432.09375,1931.46875,8,1,,,False,True,0,K,1,0.851563,5041.0,Va,6062,True,1,0,0
Tyriedgoea FM-L d8-2,non_click,7118.25,578.75,2224.9375,4,4,,,False,False,0,G,0,1.246094,5933.0,Vab,1142,False,4,0,0
Tyriedgoea GA-Q d5-6,non_click,7469.09375,260.09375,1984.5625,2,2,,,False,False,0,G,2,0.976563,5804.0,Vb,1202,False,2,0,0
Tyriedgoea GL-D c13-0,non_click,7306.71875,453.25,2079.90625,1,1,,,False,False,0,G,3,0.886719,5736.0,Vab,5898,False,1,0,0
Tyriedgoea GS-Y c15-0,non_click,7058.21875,573.21875,2211.5,23,1,22,11,True,True,0,K,9,0.585938,3801.0,Va,6282,True,1,0,2
Tyriedgoea HF-K b10-0,non_click,6359.84375,359.25,1715.59375,1,1,,,False,False,0,M,7,0.269531,2351.0,Va,6570,False,1,0,0
Tyriedgoea HJ-D b14-0,non_click,6598.5625,377.09375,1800.03125,2,2,,,False,False,0,M,2,0.402344,3292.0,Va,6552,False,2,0,0
Tyriedgoea HM-L d8-0,non_click,7278.03125,600.03125,2236.1875,4,3,1,0,False,False,0,F,5,1.398438,6714.0,Vb,3600,False,3,0,0
Tyriedgoea HM-L d8-3,non_click,7221.1875,576.53125,2228.34375,9,1,8,2,False,False,1,A,8,1.746094,7972.0,Vab,422,False,1,0,0
Tyriedgoea HX-S b17-1,non_click,6602.71875,21.09375,1880.03125,16,3,,,False,True,0,M,3,0.394531,3055.0,Va,6154,False,3,0,0
Tyriedgoea HY-W c16-0,non_click,6936.875,535.0625,2217.09375,8,4,4,3,False,True,0,K,7,0.53125,4036.0,Va,6138,True,4,0,0
Tyriedgoea ID-R b18-0,non_click,6538.96875,17.25,1900.9375,7,1,,,False,False,0,M,6,0.300781,2559.0,Va,10332,False,1,0,0
Tyriedgoea IH-O b22-0,non_click,7100.125,459.0,1978.5625,3,2,,,False,False,0,M,0,0.414063,3551.0,Va,13025,False,2,0,0
Tyriedgoea IH-U b17-0,non_click,7432.3125,173.09375,1890.0,15,2,,,False,True,0,M,2,0.40625,3258.0,Va,12975,False,2,0,0
Tyriedgoea JB-N d7-2,non_click,7575.46875,524.25,2191.5,8,2,,,False,False,0,F,0,1.453125,7425.0,VI,1318,False,2,0,0
Tyriedgoea JC-Z c15-0,non_click,7336.84375,615.1875,2213.75,9,1,8,1,False,False,0,K,8,0.554688,3895.0,Va,12790,False,1,0,0
Tyriedgoea JW-B c14-0,non_click,7352.8125,468.03125,2116.0,9,1,,,False,True,0,K,1,0.757813,5019.0,Va,9934,True,1,0,0
Tyriedgoea KD-X c16-0,non_click,7170.59375,595.46875,2240.15625,3,3,,,False,False,0,K,6,0.71875,4264.0,Va,10470,False,3,0,0
Tyriedgoea KW-B c14-1,non_click,7409.90625,477.90625,2105.5,26,3,,,False,True,0,M,1,0.476563,3459.0,Va,12870,True,3,0,0
Tyriedgoea KX-I c10-1,non_click,6987.84375,464.4375,1958.875,5,2,,,False,False,0,K,1,0.839844,4935.0,Vab,5304,False,2,0,0
Tyriedgoea LI-K c8-4,non_click,6472.96875,28.8125,1894.125,2,2,,,False,False,0,K,5,0.589844,4433.0,Va,11312,False,2,0,0
Tyriedgoea LV-W b15-0,non_click,6920.34375,57.90625,1839.46875,9,1,,,False,False,0,M,0,0.429688,3677.0,Va,11758,False,1,0,0
Tyriedgoea LW-U b16-1,non_click,6795.40625,35.28125,1862.78125,2,2,,,False,False,0,M,8,0.273438,2263.0,Va,5828,False,2,0,0
Tyriedgoea MQ-E c12-1,non_click,7487.15625,306.21875,2029.84375,12,2,,,False,False,0,M,2,0.484375,3314.0,Va,10044,False,2,0,0
Tyriedgoea MU-B b15-0,non_click,6658.3125,396.84375,1819.5,24,1,,,False,True,0,M,0,0.410156,3596.0,Va,5902,True,1,0,0
Tyriedgoea OH-A c15-0,non_click,7458.03125,497.75,2139.78125,33,1,,,False,True,0,M,1,0.511719,3450.0,Va,10458,True,1,0,0
Tyriedgoea OI-X c16-0,non_click,7389.28125,624.0625,2250.875,1,1,,,False,False,0,M,0,0.550781,3607.0,Va,5122,False,1,0,0
Tyriedgoea OL-I b11-0,non_click,6420.3125,370.375,1735.34375,1,1,,,False,False,0,M,3,0.371094,3075.0,Va,11582,False,1,0,0
Tyriedgoea OV-W b15-1,non_click,6985.59375,66.40625,1840.65625,7,1,,,False,False,0,M,2,0.363281,3229.0,Va,11876,False,1,0,0
Tyriedgoea PH-A c15-0,non_click,7508.78125,531.90625,2164.1875,12,4,,,False,False,0,K,2,0.839844,4851.0,Va,6178,False,4,0,0
Tyriedgoea QH-A c15-0,non_click,7535.65625,501.71875,2155.65625,12,1,,,False,False,0,K,5,0.707031,4350.0,Va,6516,False,1,0,0
Tyriedgoea QI-K c8-4,non_click,6667.09375,36.0,1886.53125,11,1,,,False,False,0,G,9,0.769531,5269.0,Vab,12280,False,1,0,0
Tyriedgoea QO-P b20-0,non_click,7457.5,215.84375,1935.75,12,1,,,False,False,0,M,0,0.433594,3650.0,Va,8066,False,1,0,0
Tyriedgoea SF-N d7-1,non_click,6358.4375,551.78125,2199.15625,1,1,,,False,False,0,G,4,0.972656,5628.0,Vab,5868,False,1,0,0
Tyriedgoea SS-Y c15-0,non_click,7540.125,536.5625,2176.6875,2,2,,,False,False,0,K,3,0.738281,4682.0,Va,9174,False,2,0,0
Tyriedgoea TB-O c6-5,non_click,7182.0,55.8125,1810.21875,3,2,,,False,False,0,K,3,0.738281,4603.0,Vab,6404,False,2,0,0
Tyriedgoea TH-M c7-2,non_click,7048.84375,58.78125,1819.78125,7,1,,,False,False,0,M,0,0.558594,3661.0,Va,9684,False,1,0,0
Tyriedgoea TK-Y b14-0,non_click,7115.875,54.46875,1816.1875,10,4,,,False,True,0,M_RedGiant,8,0.269531,2336.0,IVb,12890,True,4,0,0
Tyriedgoea UB-O c6-2,non_click,7247.28125,62.8125,1806.71875,1,1,,,False,False,0,K,5,0.558594,4317.0,Vab,10926,False,1,0,0
Tyriedgoea UO-V c17-0,non_click,7455.625,616.53125,2257.6875,3,3,,,False,False,0,K,7,0.644531,4084.0,Va,8904,False,3,0,0
Tyriedgoea UP-R b20-0,non_click,6939.75,435.0625,1939.59375,11,1,,,False,False,0,M,3,0.367188,3107.0,Va,10030,False,1,0,0
Tyriedgoea UX-W c16-0,non_click,6416.84375,537.1875,2216.21875,21,2,,,False,False,0,K,7,0.570313,4130.0,Va,5640,False,2,0,0
Tyriedgoea UX-Z c14-1,non_click,7545.3125,441.34375,2136.3125,1,1,,,False,False,0,K,8,0.511719,3914.0,Va,5338,False,1,0,0
Tyriedgoea UY-G c11-0,non_click,7146.84375,449.9375,2001.65625,11,2,,,False,False,0,K,5,0.574219,4338.0,Vab,13055,False,2,0,0
Tyriedgoea VO-V c17-0,non_click,7518.84375,629.34375,2257.8125,3,3,,,False,False,0,K,6,0.699219,4233.0,Va,6132,False,3,0,0
Tyriedgoea WB-O c6-2,non_click,7314.21875,68.6875,1808.46875,46,1,1,1,False,True,0,K,1,0.851563,4945.0,Vab,5920,True,1,0,0
Tyriedgoea WG-Y b16-0,non_click,6702.34375,405.71875,1859.96875,9,2,,,False,False,0,M,9,0.207031,2018.0,VI,9442,False,2,0,0
Tyriedgoea WJ-Q d5-2,non_click,7046.4375,450.65625,1980.84375,10,3,,,False,False,0,A,7,1.753906,8232.0,VI,2004,False,3,0,0
Tyriedgoea XJ-F c12-0,non_click,7182.15625,458.9375,2052.90625,20,1,,,False,True,0,K,2,0.644531,4761.0,Vab,5768,True,1,0,0
Tyriedgoea XO-V c17-0,non_click,7577.28125,615.75,2256.125,10,1,9,9,False,False,0,K,3,0.675781,4700.0,Va,2778,False,1,4,0
Tyriedgoea XS-W c16-0,non_click,6465.53125,517.84375,2250.96875,1,1,,,False,False,0,G,9,0.777344,5204.0,Vab,8798,False,1,0,0
Tyriedgoea YC-R b18-0,non_click,6346.71875,24.40625,1911.40625,19,2,,,False,False,0,M,0,0.433594,3698.0,Va,9502,False,2,0,0
Tyriedgoea YX-E b13-0,non_click,6469.40625,369.21875,1781.40625,12,2,,,False,True,0,M,3,0.445313,3166.0,Va,11056,True,2,0,0
Wregeia BS-D b56-0,non_click,7649.09375,574.375,148.625,14,2,12,8,False,False,0,M,1,0.40625,3365.0,Va,9984,False,2,0,0
Wregeia IS-D c27-2,non_click,7621.78125,582.90625,128.59375,38,4,34,27,True,True,0,K,5,0.625,4311.0,Vab,11910,False,4,0,31
Wregeia LN-D c27-1,non_click,7664.34375,551.0625,115.5,20,3,17,16,False,True,0,K,7,0.597656,4118.0,Va,9798,True,3,0,9
Wregeia LT-K b52-0,non_click,7635.3125,560.21875,59.90625,3,3,,,False,False,0,M,3,0.382813,3173.0,Va,6460,False,3,0,0
Wregeia RE-A c29-1,non_click,7662.40625,579.40625,182.28125,1,1,,,False,False,0,K,6,0.664063,4195.0,Va,6062,False,1,0,0
Wregeia UF-Y b58-0,non_click,7753.40625,537.21875,213.5,2,2,,,False,False,0,M,9,0.242188,2142.0,VI,9642,False,2,0,0
Wregeia UZ-Z c28-2,non_click,7718.09375,565.53125,206.9375,9,1,8,4,False,True,1,K,0,0.800781,5093.0,Vab,5906,True,1,0,0
Wregeia VW-A d14-2,non_click,7703.1875,547.25,170.03125,16,3,13,0,False,False,1,A,9,1.425781,7585.0,VI,896,False,3,0,0
Wregoi AU-P b48-0,non_click,4495.125,337.21875,-22.40625,12,1,,,False,False,0,M,4,0.316406,2939.0,Va,5574,False,1,0,0
Wregoi BT-Q b47-2,non_click,3917.03125,264.03125,-35.28125,10,1,,,False,False,0,M,3,0.3125,3037.0,Va,4740,False,1,0,0
Wregoi DU-P b48-0,non_click,4559.375,347.4375,-22.0625,28,3,2,2,False,False,0,M,2,0.378906,3347.0,Va,10658,False,3,0,0
Wregoi EC-I c24-2,non_click,4745.84375,376.625,-14.5,2,2,,,False,False,0,K,6,0.644531,4157.0,Va,5410,False,2,0,0
Wregoi FY-Q b47-2,non_click,4044.28125,283.625,-29.28125,17,3,,,False,True,0,M,5,0.335938,2755.0,Va,10992,False,3,0,0
Wregoi HZ-P b48-1,non_click,4679.28125,374.4375,-5.40625,27,3,1,1,False,True,0,M,1,0.417969,3375.0,Va,10796,True,3,0,0
Wregoi IF-O b49-0,non_click,4620.75,359.15625,-4.78125,9,2,,,False,True,0,M,2,0.417969,3275.0,Va,12892,True,2,0,0
Wregoi IY-Q b47-0,non_click,4109.4375,289.8125,-38.1875,10,1,,,False,False,0,M,4,0.300781,2924.0,Va,5318,False,1,0,0
Wregoi KC-I c24-2,non_click,5006.21875,400.90625,-9.46875,5,4,,,False,False,0,K,0,0.730469,5089.0,Vab,4858,False,4,0,0
Wregoi LE-Q b48-1,non_click,4810.1875,390.8125,-5.34375,2,2,,,False,False,0,M,5,0.34375,2821.0,Va,11886,False,2,0,0
Wregoi QD-R b47-1,non_click,4299.375,314.59375,-35.3125,2,2,,,False,False,0,M,5,0.289063,2708.0,Va,11602,False,2,0,0
Wregoi QJ-Q b48-0,non_click,4941.53125,404.03125,-8.625,1,1,,,False,False,0,M,4,0.40625,2976.0,Va,9630,False,1,0,0
Wregoi QK-F d11-12,non_click,3850.9375,260.84375,-47.21875,3,3,,,False,False,0,F,5,1.296875,6736.0,Vb,1078,False,3,0,0
Wregoi QK-F d11-5,non_click,3784.90625,251.90625,-41.40625,10,1,,,False,False,0,M,4,0.3125,2898.0,Va,426,False,1,0,0
Wregoi RJ-P b48-1,non_click,4237.28125,301.71875,-19.15625,13,1,,,False,True,0,M,4,0.308594,2919.0,Va,9974,True,1,0,0
Wregoi RP-O b49-0,non_click,4876.4375,400.875,0.53125,2,1,,,False,False,0,M,2,0.414063,3327.0,Va,6288,False,1,0,0
Wregoi SK-F d11-42,non_click,3982.1875,260.75,-30.1875,12,1,,,False,True,0,G,3,0.992188,5759.0,Vab,886,True,1,0,0
Wregoi VP-F d11-32,non_click,4365.5625,317.0,-31.25,15,2,,,False,True,0,M,8,0.207031,2189.0,Va,1086,True,2,0,0
Wregoi WL-J c23-3,non_click,4432.15625,325.5,-27.40625,3,3,,,False,False,0,K,6,0.652344,4290.0,Va,8072,False,3,0,0
Wregoi WV-D d12-2,non_click,4171.65625,296.34375,-21.625,3,2,,,False,False,0,G,4,0.914063,5646.0,Vab,1268,False,2,0,0
